{
  "sloth": [
    "200",
    "111",
    "110"
  ],
  "tiger": [
    "2211",
    "0101"
  ],
  "hippo": [
    "2211",
    "2211",
    "0101"
  ],
  "lion": [
    "2200",
    "2211",
    "0101"
  ],
  "crocodile": [
    "221111",
    "010100"
  ],
  "bear": [
    "1112",
    "1110",
    "1010"
  ],
  "zebra": [
    "0022",
    "1110",
    "1010"
  ],
  "python": [
    "0021",
    "0001",
    "1111"
  ],
  "giraffe": [
    "021",
    "001",
    "001",
    "111",
    "111",
    "101"
  ],
  "elephant": [
    "22111",
    "22111",
    "20111",
    "20101"
  ],
  "flamingo": [
    "2111",
    "0100"
  ],
  "turtle": [
    "011",
    "211"
  ]
}