{
    "1": [
        {
            "name": "leelang",
            "blocks": 4,
            "time": 0
        },
        {
            "name": "dd",
            "blocks": 6,
            "time": 0,
            "eaten": 28.025
        },
        {
            "name": "rewq",
            "blocks": 3,
            "time": 1,
            "eaten": 21.08
        },
        {
            "name": "dd",
            "blocks": 5,
            "time": 2,
            "eaten": 26.627
        },
        {
            "name": "leelang",
            "blocks": 2,
            "time": 9.602
        },
        {
            "name": "leelang",
            "blocks": 3,
            "time": 15.33,
            "eaten": 0
        },
        {
            "name": "ee",
            "blocks": 7,
            "time": 22.762,
            "eaten": 1
        },
        {
            "name": "dd",
            "blocks": 4,
            "time": 27.207,
            "eaten": 1
        }
    ],
    "2": [
        {
            "name": "dd",
            "blocks": 4,
            "time": 0,
            "eaten": 24.357
        },
        {
            "name": "rqwe",
            "blocks": 6,
            "time": 24.804,
            "eaten": 1
        }
    ],
    "3": [
        {
            "name": "dd",
            "blocks": 3,
            "time": 0,
            "eaten": 16.893
        }
    ],
    "4": []
}